{   
    "For Loop": {
        "prefix": "for",
        "body":"for (${1:var} = ${2:value} to ${3:array}.count) ${4:where} ${5:(condition)} ${6|do,collect|} (\n\t$0\n)",
        "description": "For loop"
    },
    "For Loop iterate": {
        "prefix": "for",
        "body": "for (${1:var} in ${3:array}) ${4:where} ${5:(condition)} ${6|do,collect|} (\n\t$0\n)",
        "description": "For Loop - Iterate"
    },
    "If block": {
        "prefix": "if",
        "body":[
            "if (${1:condition}) ${2|then,do|} (",
                "\t$0",
            ") else if (${3:condition}) ${4|then,do|} (",
                "\t$0",
            ") else (\n\t$0\n)"
        ],
        "description":"If block"
    },
    "While loop":{
        "prefix":"while",
        "body":"while (${1:var} ${2:!=|==|<|>|<=|>=} ${3:value}) ${4|do,collect|} (\n\t$0\n)",
        "description":"While loop"
    },
    "Do loop":{
        "prefix":"do",
        "body":"do (\n\t${1:loop_body}\n) while ( ${2:loop_condition} )",
        "description":"Do loop"
    },
    "Case selector":{
        "prefix":"case",
        "body":[
            "case ${1:var} of (",
                "\t${2:value}:(${3:body})",
                "\tdefault:(${4:body})",
            ")"
        ],
        "description":"Case block"
    },
    "Try block":{
        "prefix":"try",
        "body":[
            "try (",
                "\t${1:throw${2| \"${3:error_message}\" ${4:value},()|}",
            ") catch (",
                "\tlocal e = getCurrentException()",
                "\t$0",
            ")"
        ],
        "description":"Try-Catch block"
    },
    "Function":{
        "prefix":["function", "fn"],
        "body":"${1|fn,function} ${2:function_name} ${3:params} ${4:optional_param:unsupplied} =\n(\n\t$0\n)",
        "description":"Function declaration"
    },
    "Struct":{
        "prefix":"struct",
        "body":"struct ${1:struct_name}\n(\n\t$0,\n)",
        "description":"Struct definition"
    },
    "Rollout":{
        "prefix":"rollout",
        "body":"rollout ${1:r_name} \"${2:r_title}\" ${3:width:${4:256}} ${5:height:${6:500}} ${7:pos:[${8:100},${9:100}]\n(\n\t$0\n)",
        "description":"Rollout definition"
    },
    "Event":{
        "prefix":"on",
        "body":"on ${1:rollout_control} ${2:event} ${3:args} do \n(\n\t$0\n)",
        "description":"Rollout control Event declaration"
    },
    "MacroScript":{
        "prefix":"macroScript",
        "body":[
            "macroScript ${1:macroscript_name}",
            "\tcategory:\"${2:script_category}\"",
            "\tButtonText:\"${3:button_text}\"",
            "\ttoolTip:\"${4:tooltip_text}\"",
            "\ticon: #(\"${5:bmp_set_name}\",${6:bmp_index})",
            "\ticonName:\"${6:icon_name}\"",
            "\tsilentErrors:${7|true,false|}", 
            "\tautoUndoEnabled:${8|true,false|}", 
            "(",
                "\ton execute do ( $0 )",
                "\ton ${9|isChecked,isEnabled|} ${10|do,return|} ( $11 )",
            ")"
        ],
        "description":"macroScript declaration"
    }
}