<NotepadPlus>
    <Session activeView="0">
        <mainView activeIndex="41">
            <File firstVisibleLine="54" xOffset="0" scrollWidth="765" startPos="2282" endPos="2282" selMode="0" lang="Normal Text" encoding="-1" userReadOnly="no" filename="D:\ReneBaca\_todo.txt" backupFilePath="" originalFileLastModifTimestamp="551071463" originalFileLastModifTimestampHigh="30816841" mapFirstVisibleDisplayLine="-1" mapFirstVisibleDocLine="-1" mapLastVisibleDocLine="-1" mapNbLine="-1" mapHigherPos="-1" mapWidth="-1" mapHeight="-1" mapKByteInDoc="67111168" mapWrapIndentMode="-1" mapIsWrap="no">
                <Mark line="85" />
            </File>
            <File firstVisibleLine="0" xOffset="0" scrollWidth="413" startPos="469" endPos="469" selMode="0" lang="MaxScript" encoding="-1" userReadOnly="no" filename="C:\temp\te.ms" backupFilePath="" originalFileLastModifTimestamp="1976343261" originalFileLastModifTimestampHigh="30799580" mapFirstVisibleDisplayLine="-1" mapFirstVisibleDocLine="-1" mapLastVisibleDocLine="-1" mapNbLine="-1" mapHigherPos="-1" mapWidth="-1" mapHeight="-1" mapKByteInDoc="67111168" mapWrapIndentMode="-1" mapIsWrap="no" />
            <File firstVisibleLine="0" xOffset="0" scrollWidth="816" startPos="483" endPos="483" selMode="0" lang="Normal Text" encoding="-1" userReadOnly="no" filename="D:\ReneBaca\cesty_01.txt" backupFilePath="" originalFileLastModifTimestamp="-656880616" originalFileLastModifTimestampHigh="30803040" mapFirstVisibleDisplayLine="-1" mapFirstVisibleDocLine="-1" mapLastVisibleDocLine="-1" mapNbLine="-1" mapHigherPos="-1" mapWidth="-1" mapHeight="-1" mapKByteInDoc="67111168" mapWrapIndentMode="-1" mapIsWrap="no" />
            <File firstVisibleLine="661" xOffset="0" scrollWidth="1298" startPos="25123" endPos="25123" selMode="0" lang="MaxScript" encoding="-1" userReadOnly="no" filename="D:\ReneBaca\Aprog\Micra\Micra4\CORE\mcFile.ms" backupFilePath="" originalFileLastModifTimestamp="1796388449" originalFileLastModifTimestampHigh="30803745" mapFirstVisibleDisplayLine="-1" mapFirstVisibleDocLine="-1" mapLastVisibleDocLine="-1" mapNbLine="-1" mapHigherPos="-1" mapWidth="-1" mapHeight="-1" mapKByteInDoc="256" mapWrapIndentMode="-1" mapIsWrap="no" />
            <File firstVisibleLine="0" xOffset="0" scrollWidth="850" startPos="454" endPos="454" selMode="0" lang="MaxScript" encoding="-1" userReadOnly="no" filename="D:\ReneBaca\Aprog\Micra\Micra4\temp\maxsend.ms" backupFilePath="" originalFileLastModifTimestamp="1627881851" originalFileLastModifTimestampHigh="30812014" mapFirstVisibleDisplayLine="-1" mapFirstVisibleDocLine="-1" mapLastVisibleDocLine="-1" mapNbLine="-1" mapHigherPos="-1" mapWidth="-1" mapHeight="-1" mapKByteInDoc="2042556160" mapWrapIndentMode="-1" mapIsWrap="no" />
            <File firstVisibleLine="0" xOffset="0" scrollWidth="630" startPos="0" endPos="0" selMode="0" lang="JavaScript" encoding="-1" userReadOnly="no" filename="C:\Program Files\Pixologic\ZBrush 2018.1 FL\ZStartup\ZPlugs64\ZBrushToPhotoshopData_2018\Passes\ZBrushToPhotoshop.JSX" backupFilePath="" originalFileLastModifTimestamp="178016773" originalFileLastModifTimestampHigh="30803998" mapFirstVisibleDisplayLine="-1" mapFirstVisibleDocLine="-1" mapLastVisibleDocLine="-1" mapNbLine="-1" mapHigherPos="-1" mapWidth="-1" mapHeight="-1" mapKByteInDoc="264164" mapWrapIndentMode="-1" mapIsWrap="no" />
            <File firstVisibleLine="159" xOffset="0" scrollWidth="2202" startPos="10318" endPos="10324" selMode="0" lang="MaxScript" encoding="-1" userReadOnly="no" filename="D:\ReneBaca\Aprog\Micra\Micra4\CORE\mcPopUp.ms" backupFilePath="" originalFileLastModifTimestamp="-1246204201" originalFileLastModifTimestampHigh="30804169" mapFirstVisibleDisplayLine="-1" mapFirstVisibleDocLine="-1" mapLastVisibleDocLine="-1" mapNbLine="-1" mapHigherPos="-1" mapWidth="-1" mapHeight="-1" mapKByteInDoc="2042556160" mapWrapIndentMode="-1" mapIsWrap="no" />
            <File firstVisibleLine="48" xOffset="0" scrollWidth="2316" startPos="6948" endPos="7000" selMode="0" lang="MaxScript" encoding="-1" userReadOnly="no" filename="D:\ReneBaca\Aprog\Micra\Micra4\_New\DL3D_AverageNormalAlignUVWMap_V1.0.ms" backupFilePath="" originalFileLastModifTimestamp="-89676324" originalFileLastModifTimestampHigh="30804377" mapFirstVisibleDisplayLine="-1" mapFirstVisibleDocLine="-1" mapLastVisibleDocLine="-1" mapNbLine="-1" mapHigherPos="-1" mapWidth="-1" mapHeight="-1" mapKByteInDoc="240" mapWrapIndentMode="-1" mapIsWrap="no">
                <Mark line="175" />
            </File>
            <File firstVisibleLine="72" xOffset="0" scrollWidth="1426" startPos="3470" endPos="3423" selMode="0" lang="MaxScript" encoding="-1" userReadOnly="no" filename="D:\ReneBaca\Aprog\Micra\Micra4\CORE\mcProgRad.ms" backupFilePath="" originalFileLastModifTimestamp="-148640929" originalFileLastModifTimestampHigh="30804232" mapFirstVisibleDisplayLine="-1" mapFirstVisibleDocLine="-1" mapLastVisibleDocLine="-1" mapNbLine="-1" mapHigherPos="-1" mapWidth="-1" mapHeight="-1" mapKByteInDoc="2042556160" mapWrapIndentMode="-1" mapIsWrap="no">
                <Mark line="154" />
            </File>
            <File firstVisibleLine="291" xOffset="0" scrollWidth="1380" startPos="14554" endPos="14563" selMode="0" lang="MaxScript" encoding="-1" userReadOnly="no" filename="D:\ReneBaca\Aprog\Micra\Micra4\Unwrap_UVW_Plus_v0.02.ms" backupFilePath="" originalFileLastModifTimestamp="-825174843" originalFileLastModifTimestampHigh="30805402" mapFirstVisibleDisplayLine="-1" mapFirstVisibleDocLine="-1" mapLastVisibleDocLine="-1" mapNbLine="-1" mapHigherPos="-1" mapWidth="-1" mapHeight="-1" mapKByteInDoc="2042556160" mapWrapIndentMode="-1" mapIsWrap="no" />
            <File firstVisibleLine="240" xOffset="0" scrollWidth="840" startPos="10837" endPos="10837" selMode="0" lang="C#" encoding="-1" userReadOnly="no" filename="D:\ReneBaca\CSharp\Tutorials\RoundedButton\RoundedButton.cs" backupFilePath="" originalFileLastModifTimestamp="1631693993" originalFileLastModifTimestampHigh="30717744" mapFirstVisibleDisplayLine="-1" mapFirstVisibleDocLine="-1" mapLastVisibleDocLine="-1" mapNbLine="-1" mapHigherPos="-1" mapWidth="-1" mapHeight="-1" mapKByteInDoc="2042556160" mapWrapIndentMode="-1" mapIsWrap="no" />
            <File firstVisibleLine="0" xOffset="0" scrollWidth="1816" startPos="2223" endPos="2223" selMode="0" lang="MaxScript" encoding="-1" userReadOnly="no" filename="D:\ReneBaca\Aprog\Micra\Micra4\Standalone\LS3D_Clone_Layers_Tree_v0.1.ms" backupFilePath="" originalFileLastModifTimestamp="628230624" originalFileLastModifTimestampHigh="30805615" mapFirstVisibleDisplayLine="-1" mapFirstVisibleDocLine="-1" mapLastVisibleDocLine="-1" mapNbLine="-1" mapHigherPos="-1" mapWidth="-1" mapHeight="-1" mapKByteInDoc="67612" mapWrapIndentMode="-1" mapIsWrap="no" />
            <File firstVisibleLine="168" xOffset="0" scrollWidth="1202" startPos="4752" endPos="4752" selMode="0" lang="MaxScript" encoding="-1" userReadOnly="no" filename="D:\ReneBaca\Aprog\Micra\Micra4\CORE\mcPolyMap.ms" backupFilePath="" originalFileLastModifTimestamp="188110757" originalFileLastModifTimestampHigh="30806607" mapFirstVisibleDisplayLine="-1" mapFirstVisibleDocLine="-1" mapLastVisibleDocLine="-1" mapNbLine="-1" mapHigherPos="-1" mapWidth="-1" mapHeight="-1" mapKByteInDoc="2042556160" mapWrapIndentMode="-1" mapIsWrap="no">
                <Mark line="350" />
            </File>
            <File firstVisibleLine="0" xOffset="0" scrollWidth="1030" startPos="1239" endPos="1220" selMode="0" lang="C#" encoding="-1" userReadOnly="no" filename="D:\ReneBaca\CSharp\Tutorials\Timer class\akshay.cs" backupFilePath="" originalFileLastModifTimestamp="1316754045" originalFileLastModifTimestampHigh="30195566" mapFirstVisibleDisplayLine="-1" mapFirstVisibleDocLine="-1" mapLastVisibleDocLine="-1" mapNbLine="-1" mapHigherPos="-1" mapWidth="-1" mapHeight="-1" mapKByteInDoc="67111168" mapWrapIndentMode="-1" mapIsWrap="no" />
            <File firstVisibleLine="0" xOffset="0" scrollWidth="972" startPos="0" endPos="0" selMode="0" lang="MaxScript" encoding="-1" userReadOnly="no" filename="D:\ReneBaca\Aprog\Micra\Micra4\CORE\mcCSharpUI.ms" backupFilePath="" originalFileLastModifTimestamp="1842003528" originalFileLastModifTimestampHigh="30796916" mapFirstVisibleDisplayLine="-1" mapFirstVisibleDocLine="-1" mapLastVisibleDocLine="-1" mapNbLine="-1" mapHigherPos="-1" mapWidth="-1" mapHeight="-1" mapKByteInDoc="1142161408" mapWrapIndentMode="-1" mapIsWrap="no" />
            <File firstVisibleLine="0" xOffset="0" scrollWidth="1164" startPos="67" endPos="67" selMode="0" lang="MaxScript" encoding="-1" userReadOnly="no" filename="D:\ReneBaca\Aprog\Micra\Micra4\Object_Inspector_v0.02.ms" backupFilePath="" originalFileLastModifTimestamp="703851896" originalFileLastModifTimestampHigh="30816246" mapFirstVisibleDisplayLine="-1" mapFirstVisibleDocLine="-1" mapLastVisibleDocLine="-1" mapNbLine="-1" mapHigherPos="-1" mapWidth="-1" mapHeight="-1" mapKByteInDoc="67640" mapWrapIndentMode="-1" mapIsWrap="no" />
            <File firstVisibleLine="43" xOffset="0" scrollWidth="1122" startPos="2194" endPos="2205" selMode="0" lang="MaxScript" encoding="-1" userReadOnly="no" filename="D:\ReneBaca\Aprog\Micra\Micra4\LS3D_Road_Collisions_Generator.ms" backupFilePath="" originalFileLastModifTimestamp="1431720923" originalFileLastModifTimestampHigh="30807852" mapFirstVisibleDisplayLine="-1" mapFirstVisibleDocLine="-1" mapLastVisibleDocLine="-1" mapNbLine="-1" mapHigherPos="-1" mapWidth="-1" mapHeight="-1" mapKByteInDoc="1143767040" mapWrapIndentMode="-1" mapIsWrap="no" />
            <File firstVisibleLine="92" xOffset="0" scrollWidth="1232" startPos="5080" endPos="4964" selMode="0" lang="MaxScript" encoding="-1" userReadOnly="no" filename="D:\ReneBaca\Aprog\Micra\Micra4\LS3D_Terrain_Collisions_Generator.ms" backupFilePath="" originalFileLastModifTimestamp="-879534634" originalFileLastModifTimestampHigh="30809227" mapFirstVisibleDisplayLine="-1" mapFirstVisibleDocLine="-1" mapLastVisibleDocLine="-1" mapNbLine="-1" mapHigherPos="-1" mapWidth="-1" mapHeight="-1" mapKByteInDoc="1142128640" mapWrapIndentMode="-1" mapIsWrap="no">
                <Mark line="19" />
            </File>
            <File firstVisibleLine="78" xOffset="0" scrollWidth="1075" startPos="2448" endPos="2289" selMode="0" lang="MaxScript" encoding="-1" userReadOnly="no" filename="D:\ReneBaca\Aprog\Micra\Micra4\Road_Generator_Struct_v1.12.ms" backupFilePath="" originalFileLastModifTimestamp="584965786" originalFileLastModifTimestampHigh="30793934" mapFirstVisibleDisplayLine="-1" mapFirstVisibleDocLine="-1" mapLastVisibleDocLine="-1" mapNbLine="-1" mapHigherPos="-1" mapWidth="-1" mapHeight="-1" mapKByteInDoc="67111168" mapWrapIndentMode="-1" mapIsWrap="no" />
            <File firstVisibleLine="0" xOffset="0" scrollWidth="1072" startPos="591" endPos="594" selMode="0" lang="MaxScript" encoding="-1" userReadOnly="no" filename="D:\ReneBaca\Aprog\Micra\Micra4\CORE\mcTransform.ms" backupFilePath="" originalFileLastModifTimestamp="508596985" originalFileLastModifTimestampHigh="30793934" mapFirstVisibleDisplayLine="-1" mapFirstVisibleDocLine="-1" mapLastVisibleDocLine="-1" mapNbLine="-1" mapHigherPos="-1" mapWidth="-1" mapHeight="-1" mapKByteInDoc="49815" mapWrapIndentMode="-1" mapIsWrap="no" />
            <File firstVisibleLine="0" xOffset="0" scrollWidth="860" startPos="292" endPos="292" selMode="0" lang="Normal Text" encoding="-1" userReadOnly="no" filename="C:\temp\b\meeting_01.txt" backupFilePath="" originalFileLastModifTimestamp="1272058907" originalFileLastModifTimestampHigh="30808408" mapFirstVisibleDisplayLine="-1" mapFirstVisibleDocLine="-1" mapLastVisibleDocLine="-1" mapNbLine="-1" mapHigherPos="-1" mapWidth="-1" mapHeight="-1" mapKByteInDoc="2042556160" mapWrapIndentMode="-1" mapIsWrap="no" />
            <File firstVisibleLine="9" xOffset="0" scrollWidth="1212" startPos="574" endPos="574" selMode="0" lang="MaxScript" encoding="-1" userReadOnly="no" filename="D:\ReneBaca\Aprog\Micra\Micra4\CORE\mcProgLog.ms" backupFilePath="" originalFileLastModifTimestamp="-693885946" originalFileLastModifTimestampHigh="30809221" mapFirstVisibleDisplayLine="-1" mapFirstVisibleDocLine="-1" mapLastVisibleDocLine="-1" mapNbLine="-1" mapHigherPos="-1" mapWidth="-1" mapHeight="-1" mapKByteInDoc="133038" mapWrapIndentMode="-1" mapIsWrap="no" />
            <File firstVisibleLine="175" xOffset="0" scrollWidth="1793" startPos="8478" endPos="8478" selMode="0" lang="MaxScript" encoding="-1" userReadOnly="no" filename="D:\ReneBaca\Aprog\Micra\Micra4\Standalone\LS3D_Clone_Layers_Tree_v0.11.ms" backupFilePath="" originalFileLastModifTimestamp="628230624" originalFileLastModifTimestampHigh="30805615" mapFirstVisibleDisplayLine="-1" mapFirstVisibleDocLine="-1" mapLastVisibleDocLine="-1" mapNbLine="-1" mapHigherPos="-1" mapWidth="-1" mapHeight="-1" mapKByteInDoc="2042556160" mapWrapIndentMode="-1" mapIsWrap="no" />
            <File firstVisibleLine="653" xOffset="0" scrollWidth="1329" startPos="21363" endPos="21363" selMode="0" lang="MaxScript" encoding="-1" userReadOnly="no" filename="D:\ReneBaca\Aprog\Micra\Micra4\Micra_Macro.mcr" backupFilePath="" originalFileLastModifTimestamp="-1985234721" originalFileLastModifTimestampHigh="30809244" mapFirstVisibleDisplayLine="-1" mapFirstVisibleDocLine="-1" mapLastVisibleDocLine="-1" mapNbLine="-1" mapHigherPos="-1" mapWidth="-1" mapHeight="-1" mapKByteInDoc="2042556160" mapWrapIndentMode="-1" mapIsWrap="no" />
            <File firstVisibleLine="50" xOffset="0" scrollWidth="1122" startPos="1946" endPos="1946" selMode="0" lang="MaxScript" encoding="-1" userReadOnly="no" filename="D:\ReneBaca\Aprog\Micra\Micra4\CORE\mcArray.ms" backupFilePath="" originalFileLastModifTimestamp="391873485" originalFileLastModifTimestampHigh="30808398" mapFirstVisibleDisplayLine="-1" mapFirstVisibleDocLine="-1" mapLastVisibleDocLine="-1" mapNbLine="-1" mapHigherPos="-1" mapWidth="-1" mapHeight="-1" mapKByteInDoc="2042556160" mapWrapIndentMode="-1" mapIsWrap="no" />
            <File firstVisibleLine="0" xOffset="0" scrollWidth="1441" startPos="203" endPos="203" selMode="0" lang="MaxScript" encoding="-1" userReadOnly="no" filename="D:\ReneBaca\Aprog\Micra\Micra4\_New\radial menu\load assembly on fly.ms" backupFilePath="" originalFileLastModifTimestamp="900919131" originalFileLastModifTimestampHigh="30809475" mapFirstVisibleDisplayLine="-1" mapFirstVisibleDocLine="-1" mapLastVisibleDocLine="-1" mapNbLine="-1" mapHigherPos="-1" mapWidth="-1" mapHeight="-1" mapKByteInDoc="1142292480" mapWrapIndentMode="-1" mapIsWrap="no" />
            <File firstVisibleLine="243" xOffset="0" scrollWidth="1202" startPos="262" endPos="262" selMode="0" lang="MaxScript" encoding="-1" userReadOnly="no" filename="D:\ReneBaca\Aprog\Micra\Micra4\CORE\mcSystem.ms" backupFilePath="" originalFileLastModifTimestamp="-1183747386" originalFileLastModifTimestampHigh="30811997" mapFirstVisibleDisplayLine="-1" mapFirstVisibleDocLine="-1" mapLastVisibleDocLine="-1" mapNbLine="-1" mapHigherPos="-1" mapWidth="-1" mapHeight="-1" mapKByteInDoc="2042556160" mapWrapIndentMode="-1" mapIsWrap="no" />
            <File firstVisibleLine="66" xOffset="0" scrollWidth="1772" startPos="3407" endPos="3407" selMode="0" lang="MaxScript" encoding="-1" userReadOnly="no" filename="D:\ReneBaca\Aprog\Micra\Micra4\Projector2D_v0.01.ms" backupFilePath="" originalFileLastModifTimestamp="20740411" originalFileLastModifTimestampHigh="30810818" mapFirstVisibleDisplayLine="-1" mapFirstVisibleDocLine="-1" mapLastVisibleDocLine="-1" mapNbLine="-1" mapHigherPos="-1" mapWidth="-1" mapHeight="-1" mapKByteInDoc="2042556160" mapWrapIndentMode="-1" mapIsWrap="no">
                <Mark line="96" />
                <Mark line="108" />
                <Mark line="126" />
                <Mark line="240" />
            </File>
            <File firstVisibleLine="1882" xOffset="0" scrollWidth="1375" startPos="59268" endPos="59272" selMode="0" lang="MaxScript" encoding="-1" userReadOnly="no" filename="D:\ReneBaca\Aprog\Micra\Micra4\Micra_Actions_v0.05.ms" backupFilePath="" originalFileLastModifTimestamp="1828791961" originalFileLastModifTimestampHigh="30809845" mapFirstVisibleDisplayLine="-1" mapFirstVisibleDocLine="-1" mapLastVisibleDocLine="-1" mapNbLine="-1" mapHigherPos="-1" mapWidth="-1" mapHeight="-1" mapKByteInDoc="67334" mapWrapIndentMode="-1" mapIsWrap="no" />
            <File firstVisibleLine="12" xOffset="0" scrollWidth="736" startPos="1139" endPos="1147" selMode="0" lang="XML" encoding="-1" userReadOnly="no" filename="D:\ReneBaca\Aprog\Micra\Micra4\Settings.xml" backupFilePath="" originalFileLastModifTimestamp="-915106046" originalFileLastModifTimestampHigh="30819046" mapFirstVisibleDisplayLine="-1" mapFirstVisibleDocLine="-1" mapLastVisibleDocLine="-1" mapNbLine="-1" mapHigherPos="-1" mapWidth="-1" mapHeight="-1" mapKByteInDoc="67111168" mapWrapIndentMode="-1" mapIsWrap="no" />
            <File firstVisibleLine="33" xOffset="0" scrollWidth="1497" startPos="17734" endPos="17770" selMode="0" lang="MaxScript" encoding="-1" userReadOnly="no" filename="D:\ReneBaca\Aprog\Micra\Micra4\LS3D_Quick_Materials_v0.18.ms" backupFilePath="" originalFileLastModifTimestamp="563687298" originalFileLastModifTimestampHigh="30810854" mapFirstVisibleDisplayLine="-1" mapFirstVisibleDocLine="-1" mapLastVisibleDocLine="-1" mapNbLine="-1" mapHigherPos="-1" mapWidth="-1" mapHeight="-1" mapKByteInDoc="67418" mapWrapIndentMode="-1" mapIsWrap="no" />
            <File firstVisibleLine="80" xOffset="0" scrollWidth="1152" startPos="2698" endPos="2674" selMode="0" lang="MaxScript" encoding="-1" userReadOnly="no" filename="D:\ReneBaca\Aprog\Micra\Micra4\CORE\mcPoly.ms" backupFilePath="" originalFileLastModifTimestamp="-317000210" originalFileLastModifTimestampHigh="30815687" mapFirstVisibleDisplayLine="-1" mapFirstVisibleDocLine="-1" mapLastVisibleDocLine="-1" mapNbLine="-1" mapHigherPos="-1" mapWidth="-1" mapHeight="-1" mapKByteInDoc="67330" mapWrapIndentMode="-1" mapIsWrap="no">
                <Mark line="714" />
                <Mark line="1473" />
            </File>
            <File firstVisibleLine="176" xOffset="0" scrollWidth="1162" startPos="5867" endPos="5867" selMode="0" lang="MaxScript" encoding="-1" userReadOnly="no" filename="D:\ReneBaca\Aprog\Micra\Micra4\CORE\mcMath.ms" backupFilePath="" originalFileLastModifTimestamp="-1197203271" originalFileLastModifTimestampHigh="30813872" mapFirstVisibleDisplayLine="-1" mapFirstVisibleDocLine="-1" mapLastVisibleDocLine="-1" mapNbLine="-1" mapHigherPos="-1" mapWidth="-1" mapHeight="-1" mapKByteInDoc="1141014528" mapWrapIndentMode="-1" mapIsWrap="no">
                <Mark line="200" />
                <Mark line="224" />
                <Mark line="271" />
            </File>
            <File firstVisibleLine="0" xOffset="0" scrollWidth="961" startPos="867" endPos="543" selMode="0" lang="MaxScript" encoding="-1" userReadOnly="no" filename="D:\ReneBaca\Aprog\Micra\Micra4\Geometry_Builder_v0.01.ms" backupFilePath="" originalFileLastModifTimestamp="-806027374" originalFileLastModifTimestampHigh="30810791" mapFirstVisibleDisplayLine="-1" mapFirstVisibleDocLine="-1" mapLastVisibleDocLine="-1" mapNbLine="-1" mapHigherPos="-1" mapWidth="-1" mapHeight="-1" mapKByteInDoc="1140817920" mapWrapIndentMode="-1" mapIsWrap="no" />
            <File firstVisibleLine="431" xOffset="0" scrollWidth="1663" startPos="19840" endPos="19854" selMode="0" lang="MaxScript" encoding="-1" userReadOnly="no" filename="D:\ReneBaca\Aprog\Micra\Micra4\LS3D_Geometry_Optimizer_v0.03.ms" backupFilePath="" originalFileLastModifTimestamp="-2074293727" originalFileLastModifTimestampHigh="30814019" mapFirstVisibleDisplayLine="-1" mapFirstVisibleDocLine="-1" mapLastVisibleDocLine="-1" mapNbLine="-1" mapHigherPos="-1" mapWidth="-1" mapHeight="-1" mapKByteInDoc="2042556160" mapWrapIndentMode="-1" mapIsWrap="no">
                <Mark line="24" />
                <Mark line="193" />
                <Mark line="253" />
                <Mark line="294" />
                <Mark line="300" />
                <Mark line="354" />
                <Mark line="417" />
                <Mark line="460" />
            </File>
            <File firstVisibleLine="51" xOffset="0" scrollWidth="1842" startPos="3508" endPos="3508" selMode="0" lang="MaxScript" encoding="-1" userReadOnly="no" filename="D:\ReneBaca\Aprog\Micra\Micra4\CORE\mcCSharp.ms" backupFilePath="" originalFileLastModifTimestamp="595829014" originalFileLastModifTimestampHigh="30815027" mapFirstVisibleDisplayLine="-1" mapFirstVisibleDocLine="-1" mapLastVisibleDocLine="-1" mapNbLine="-1" mapHigherPos="-1" mapWidth="-1" mapHeight="-1" mapKByteInDoc="1142128640" mapWrapIndentMode="-1" mapIsWrap="no">
                <Mark line="48" />
                <Mark line="273" />
                <Mark line="274" />
            </File>
            <File firstVisibleLine="146" xOffset="0" scrollWidth="1682" startPos="7219" endPos="6970" selMode="0" lang="MaxScript" encoding="-1" userReadOnly="no" filename="D:\ReneBaca\Aprog\Micra\Micra4\CORE\mcDotnet.ms" backupFilePath="" originalFileLastModifTimestamp="-1880818879" originalFileLastModifTimestampHigh="30812064" mapFirstVisibleDisplayLine="-1" mapFirstVisibleDocLine="-1" mapLastVisibleDocLine="-1" mapNbLine="-1" mapHigherPos="-1" mapWidth="-1" mapHeight="-1" mapKByteInDoc="132908" mapWrapIndentMode="-1" mapIsWrap="no">
                <Mark line="166" />
            </File>
            <File firstVisibleLine="143" xOffset="0" scrollWidth="1114" startPos="5312" endPos="5312" selMode="0" lang="MaxScript" encoding="-1" userReadOnly="no" filename="D:\ReneBaca\Aprog\Micra\Micra4\Assembly\ressearch\dllManager.ms" backupFilePath="" originalFileLastModifTimestamp="-1441579660" originalFileLastModifTimestampHigh="30813415" mapFirstVisibleDisplayLine="-1" mapFirstVisibleDocLine="-1" mapLastVisibleDocLine="-1" mapNbLine="-1" mapHigherPos="-1" mapWidth="-1" mapHeight="-1" mapKByteInDoc="2042556160" mapWrapIndentMode="-1" mapIsWrap="no" />
            <File firstVisibleLine="1433" xOffset="0" scrollWidth="1757" startPos="7" endPos="22" selMode="0" lang="MaxScript" encoding="-1" userReadOnly="no" filename="D:\ReneBaca\Aprog\Micra\Micra4\City_Manager_v1.12.ms" backupFilePath="" originalFileLastModifTimestamp="-1409924485" originalFileLastModifTimestampHigh="30819076" mapFirstVisibleDisplayLine="-1" mapFirstVisibleDocLine="-1" mapLastVisibleDocLine="-1" mapNbLine="-1" mapHigherPos="-1" mapWidth="-1" mapHeight="-1" mapKByteInDoc="2042556160" mapWrapIndentMode="-1" mapIsWrap="no">
                <Mark line="118" />
                <Mark line="319" />
                <Mark line="444" />
            </File>
            <File firstVisibleLine="117" xOffset="0" scrollWidth="1322" startPos="4693" endPos="4722" selMode="0" lang="MaxScript" encoding="-1" userReadOnly="no" filename="D:\ReneBaca\Aprog\Micra\Micra4\City_Manager_Struct.ms" backupFilePath="" originalFileLastModifTimestamp="-1752433242" originalFileLastModifTimestampHigh="30817653" mapFirstVisibleDisplayLine="-1" mapFirstVisibleDocLine="-1" mapLastVisibleDocLine="-1" mapNbLine="-1" mapHigherPos="-1" mapWidth="-1" mapHeight="-1" mapKByteInDoc="2042556160" mapWrapIndentMode="-1" mapIsWrap="no" />
            <File firstVisibleLine="29" xOffset="0" scrollWidth="1082" startPos="1110" endPos="1116" selMode="0" lang="MaxScript" encoding="-1" userReadOnly="no" filename="D:\ReneBaca\Aprog\Micra\Micra4\CORE\mcMax.ms" backupFilePath="" originalFileLastModifTimestamp="1986502378" originalFileLastModifTimestampHigh="30818054" mapFirstVisibleDisplayLine="-1" mapFirstVisibleDocLine="-1" mapLastVisibleDocLine="-1" mapNbLine="-1" mapHigherPos="-1" mapWidth="-1" mapHeight="-1" mapKByteInDoc="1141112832" mapWrapIndentMode="-1" mapIsWrap="no" />
            <File firstVisibleLine="87" xOffset="0" scrollWidth="1062" startPos="2763" endPos="2763" selMode="0" lang="Normal Text" encoding="-1" userReadOnly="no" filename="D:\ReneBaca\work_01.txt" backupFilePath="" originalFileLastModifTimestamp="926364434" originalFileLastModifTimestampHigh="30819126" mapFirstVisibleDisplayLine="-1" mapFirstVisibleDocLine="-1" mapLastVisibleDocLine="-1" mapNbLine="-1" mapHigherPos="-1" mapWidth="-1" mapHeight="-1" mapKByteInDoc="1143767040" mapWrapIndentMode="-1" mapIsWrap="no">
                <Mark line="65" />
            </File>
            <File firstVisibleLine="3" xOffset="0" scrollWidth="803" startPos="1073" endPos="1073" selMode="0" lang="MaxScript" encoding="-1" userReadOnly="no" filename="C:\temp\sergoscripts_1_4_9_dragdrop\TapeCoordSys.ms" backupFilePath="" originalFileLastModifTimestamp="-1775362560" originalFileLastModifTimestampHigh="29838234" mapFirstVisibleDisplayLine="-1" mapFirstVisibleDocLine="-1" mapLastVisibleDocLine="-1" mapNbLine="-1" mapHigherPos="-1" mapWidth="-1" mapHeight="-1" mapKByteInDoc="2042556160" mapWrapIndentMode="-1" mapIsWrap="no" />
            <File firstVisibleLine="37" xOffset="0" scrollWidth="945" startPos="2269" endPos="2269" selMode="0" lang="XML" encoding="-1" userReadOnly="no" filename="D:\ReneBaca\Aprog\ORIENTOOLS\C#\Settings\Snippets\Orien.snippet" backupFilePath="" originalFileLastModifTimestamp="-1816712076" originalFileLastModifTimestampHigh="30817627" mapFirstVisibleDisplayLine="-1" mapFirstVisibleDocLine="-1" mapLastVisibleDocLine="-1" mapNbLine="-1" mapHigherPos="-1" mapWidth="-1" mapHeight="-1" mapKByteInDoc="2042556160" mapWrapIndentMode="-1" mapIsWrap="no" />
            <File firstVisibleLine="4" xOffset="0" scrollWidth="1190" startPos="4581" endPos="4594" selMode="0" lang="MaxScript" encoding="-1" userReadOnly="no" filename="D:\ReneBaca\Aprog\Micra\Micra4\CORE\mcPSD.ms" backupFilePath="" originalFileLastModifTimestamp="508287138" originalFileLastModifTimestampHigh="30793934" mapFirstVisibleDisplayLine="-1" mapFirstVisibleDocLine="-1" mapLastVisibleDocLine="-1" mapNbLine="-1" mapHigherPos="-1" mapWidth="-1" mapHeight="-1" mapKByteInDoc="67476" mapWrapIndentMode="-1" mapIsWrap="no" />
            <File firstVisibleLine="0" xOffset="0" scrollWidth="729" startPos="1089" endPos="1089" selMode="0" lang="XML" encoding="-1" userReadOnly="no" filename="D:\ReneBaca\Aprog\ORIENTOOLS\C#\Settings\Snippets\Summ.snippet" backupFilePath="" originalFileLastModifTimestamp="412779372" originalFileLastModifTimestampHigh="30818056" mapFirstVisibleDisplayLine="-1" mapFirstVisibleDocLine="-1" mapLastVisibleDocLine="-1" mapNbLine="-1" mapHigherPos="-1" mapWidth="-1" mapHeight="-1" mapKByteInDoc="67456" mapWrapIndentMode="-1" mapIsWrap="no" />
            <File firstVisibleLine="226" xOffset="0" scrollWidth="1724" startPos="9171" endPos="9186" selMode="0" lang="MaxScript" encoding="-1" userReadOnly="no" filename="D:\ReneBaca\Aprog\Micra\Micra4\Repair_Object_v1.09.ms" backupFilePath="" originalFileLastModifTimestamp="1871064626" originalFileLastModifTimestampHigh="30794380" mapFirstVisibleDisplayLine="-1" mapFirstVisibleDocLine="-1" mapLastVisibleDocLine="-1" mapNbLine="-1" mapHigherPos="-1" mapWidth="-1" mapHeight="-1" mapKByteInDoc="2042556160" mapWrapIndentMode="-1" mapIsWrap="no" />
            <File firstVisibleLine="46" xOffset="0" scrollWidth="730" startPos="1500" endPos="1500" selMode="0" lang="MaxScript" encoding="-1" userReadOnly="no" filename="D:\ReneBaca\Aprog\Micra\Micra4\CORE\mcLodes.ms" backupFilePath="" originalFileLastModifTimestamp="-1283964219" originalFileLastModifTimestampHigh="30807835" mapFirstVisibleDisplayLine="-1" mapFirstVisibleDocLine="-1" mapLastVisibleDocLine="-1" mapNbLine="-1" mapHigherPos="-1" mapWidth="-1" mapHeight="-1" mapKByteInDoc="2042556160" mapWrapIndentMode="-1" mapIsWrap="no" />
            <File firstVisibleLine="0" xOffset="0" scrollWidth="1485" startPos="0" endPos="0" selMode="0" lang="C#" encoding="-1" userReadOnly="no" filename="d:\!2k_games\scotch_dev\code\srcTools\Common\Core\WPF.DevX\MessageBoxHelper.cs" backupFilePath="" originalFileLastModifTimestamp="-1747831229" originalFileLastModifTimestampHigh="30736594" mapFirstVisibleDisplayLine="-1" mapFirstVisibleDocLine="-1" mapLastVisibleDocLine="-1" mapNbLine="-1" mapHigherPos="-1" mapWidth="-1" mapHeight="-1" mapKByteInDoc="1142636544" mapWrapIndentMode="-1" mapIsWrap="no" />
        </mainView>
        <subView activeIndex="0" />
    </Session>
</NotepadPlus>
