<NotepadPlus>
    <UserLang name="MaxScript" ext="ms mcr" udlVersion="2.1">
        <Settings>
            <Global caseIgnored="yes" allowFoldOfComments="no" foldCompact="no" forcePureLC="0" decimalSeparator="0" />
            <Prefix Keywords1="no" Keywords2="no" Keywords3="no" Keywords4="no" Keywords5="no" Keywords6="no" Keywords7="no" Keywords8="no" />
        </Settings>
        <KeywordLists>
            <Keywords name="Comments">03/* 04*/ 00-- 01 02</Keywords>
            <Keywords name="Numbers, prefix1"></Keywords>
            <Keywords name="Numbers, prefix2"></Keywords>
            <Keywords name="Numbers, extras1"></Keywords>
            <Keywords name="Numbers, extras2"></Keywords>
            <Keywords name="Numbers, suffix1"></Keywords>
            <Keywords name="Numbers, suffix2"></Keywords>
            <Keywords name="Numbers, range"></Keywords>
            <Keywords name="Operators1">( ) : ; [ \ ] { } + &lt; = &gt;</Keywords>
            <Keywords name="Operators2"></Keywords>
            <Keywords name="Folders in code1, open">(</Keywords>
            <Keywords name="Folders in code1, middle"></Keywords>
            <Keywords name="Folders in code1, close">)</Keywords>
            <Keywords name="Folders in code2, open">/**</Keywords>
            <Keywords name="Folders in code2, middle"></Keywords>
            <Keywords name="Folders in code2, close">*/</Keywords>
            <Keywords name="Folders in comment, open">/*</Keywords>
            <Keywords name="Folders in comment, middle"></Keywords>
            <Keywords name="Folders in comment, close">*/</Keywords>
            <Keywords name="Keywords1">fn function global local mapped select throw set random max render public private sleep GeometryClass Editable_Poly Editable_mesh LayerManager selection polyOp units</Keywords>
            <Keywords name="Keywords2">rollout subRollout slider button spinner checkbox checkButton pickButton radioButtons activeXControl messagebox querybox yesNoCancelBox disableSceneRedraw enableSceneRedraw forceCompleteRedraw redrawViews treeView CompleteRedraw rcmenu createDialog destroyDialog groupBox label textBox editText closeRolloutFloater addRollout removeRollout dropDownList listBox multiListBox colorPicker timer progressBar open entered changed selected pressed selectionEnd doubleClicked picked clicked buttondown buttonup tick resized mousedown mouseup click dblclick mouseover mouseout selChanged ptChanged tangentChanged deleted reset ColumnClick keyUp DoubleClick listView keyPress KeyDown MouseMove suspendEditing resumeEditing</Keywords>
            <Keywords name="Keywords3">append collect findItem join delete group deleteItem loadMaxFile getMaxOpenFilename getFilenameFile fileProperties close openFile include getSavePath createFile resetMaxFile getOpenFilename getSaveFileName skipToString eof seek skipToString readLine skipToNextLine filePos flush readValue readExpr execute deleteFile readChar readChars readDelimitedString doesFileExist mergeMaxFile saveMaxFile exportFile getFiles renameFile maxVersion fetchMaxFile holdMaxFile enumerateFiles classOf subAnim material textureMap numSubs isKindOf superClassOf freeSceneBitmaps getMeditMaterial getNumSubMtls animate coordsys cloneNodes intersectRay isGroupHead isGroupMember isValidNode maxOps rotate scale spaceWarpObject sliderTime filterString stringStream format print getFilenamePath findString replace subString filenameFromPath getFileModDate readDelimitedString trimLeft trimRight openLog flushLog closeLog clearListenerabout parameters persistent plugin struct tool undo utility DOSCommand floor ceil collapseStack saveNodes gc addModifier timeStamp localTime makeDir actionMan undefined unsupplied true false getFilenameType setFocus copyFile HiddenDOSCommand getPixels setPixels abs cos copy and as at by case catch continue else exit from if macroscript not of off on or return then to try when with while for where in do snapshotAsMesh currentMaterialLibrary convertTo getNodeByName AddCustomAttributeByName convertToPoly resetTransform</Keywords>
            <Keywords name="Keywords4">mcActionsTukej mcAnimation mcArray mcCall mcColor mcCursor mcDate mcDialog mcDotnet mcDotnetInterfaceCBX mcDotnetInterfaceLBX mcDraw mcEvents mcFile mcGM mcInfo mcINI mcMacro mcMaterial mcMath mcMsx mcMsxE mcMsxInterfaceMLB mcNet mcNode mcObjects mcPoly mcPopUp mcPSD mcScreen mcSnap mcSpline mcString mcStructMan mcSystem mcTransform mcUIColors mcUser32 mcWin32 mcWinMsg mcXML mcZip</Keywords>
            <Keywords name="Keywords5"></Keywords>
            <Keywords name="Keywords6"></Keywords>
            <Keywords name="Keywords7"></Keywords>
            <Keywords name="Keywords8"></Keywords>
            <Keywords name="Delimiters">00&quot; 01 02&quot; 03 04 05 06 07 08 09 10 11 12 13 14 15 16 17 18 19 20 21 22 23</Keywords>
        </KeywordLists>
        <Styles>
            <WordsStyle name="DEFAULT" fgColor="400000" bgColor="FFFFFF" fontName="" fontStyle="0" nesting="0" />
            <WordsStyle name="COMMENTS" fgColor="008040" bgColor="FFFFFF" fontName="" fontStyle="2" nesting="0" />
            <WordsStyle name="LINE COMMENTS" fgColor="008040" bgColor="FFFFFF" fontName="" fontStyle="2" fontSize="10" nesting="0" />
            <WordsStyle name="NUMBERS" fgColor="0000FF" bgColor="FFFFFF" fontName="Tahoma" fontStyle="1" nesting="0" />
            <WordsStyle name="KEYWORDS1" fgColor="0000FF" bgColor="FFFFFF" fontName="Arial" fontStyle="1" nesting="0" />
            <WordsStyle name="KEYWORDS2" fgColor="C0C0C0" bgColor="FFFFFF" fontName="" fontStyle="1" nesting="0" />
            <WordsStyle name="KEYWORDS3" fgColor="0080FF" bgColor="FFFFFF" fontName="" fontStyle="1" nesting="0" />
            <WordsStyle name="KEYWORDS4" fgColor="8000FF" bgColor="FFFFFF" fontName="" fontStyle="1" nesting="0" />
            <WordsStyle name="KEYWORDS5" fgColor="000000" bgColor="FFFFFF" fontName="" fontStyle="0" nesting="0" />
            <WordsStyle name="KEYWORDS6" fgColor="000000" bgColor="FFFFFF" fontName="" fontStyle="0" nesting="0" />
            <WordsStyle name="KEYWORDS7" fgColor="000000" bgColor="FFFFFF" fontName="" fontStyle="0" nesting="0" />
            <WordsStyle name="KEYWORDS8" fgColor="000000" bgColor="FFFFFF" fontName="" fontStyle="0" nesting="0" />
            <WordsStyle name="OPERATORS" fgColor="000000" bgColor="FFFFFF" fontName="" fontStyle="0" nesting="0" />
            <WordsStyle name="FOLDER IN CODE1" fgColor="8000FF" bgColor="FFFFFF" fontName="" fontStyle="1" nesting="0" />
            <WordsStyle name="FOLDER IN CODE2" fgColor="000000" bgColor="FFFFFF" fontName="" fontStyle="0" nesting="0" />
            <WordsStyle name="FOLDER IN COMMENT" fgColor="000000" bgColor="FFFFFF" fontName="" fontStyle="0" nesting="0" />
            <WordsStyle name="DELIMITERS1" fgColor="FF80C0" bgColor="FFFFFF" fontName="Lucida Sans Unicode" fontStyle="0" nesting="0" />
            <WordsStyle name="DELIMITERS2" fgColor="000000" bgColor="FFFFFF" fontName="" fontStyle="0" nesting="0" />
            <WordsStyle name="DELIMITERS3" fgColor="000000" bgColor="FFFFFF" fontName="" fontStyle="0" nesting="0" />
            <WordsStyle name="DELIMITERS4" fgColor="000000" bgColor="FFFFFF" fontName="" fontStyle="0" nesting="0" />
            <WordsStyle name="DELIMITERS5" fgColor="000000" bgColor="FFFFFF" fontName="" fontStyle="0" nesting="0" />
            <WordsStyle name="DELIMITERS6" fgColor="000000" bgColor="FFFFFF" fontName="" fontStyle="0" nesting="0" />
            <WordsStyle name="DELIMITERS7" fgColor="000000" bgColor="FFFFFF" fontName="" fontStyle="0" nesting="0" />
            <WordsStyle name="DELIMITERS8" fgColor="000000" bgColor="FFFFFF" fontName="" fontStyle="0" nesting="0" />
        </Styles>
    </UserLang>
</NotepadPlus>
